{
  "accuracy": 0.42,
  "f1_weighted": 0.35970454545454544,
  "f1_macro": 0.315530303030303,
  "label_map": {
    "negative": 0,
    "neutral": 1,
    "positive": 2
  }
}